Timestamp,Mode,Prompt,Num Images Request,Saved File Names
2026-06-20 17:53:28,Text to Image,"dog
",1,generation_82f5d1837fe6458b863e98e004cb25b0.png
2026-06-20 18:00:48,Text to Image,Apple,1,generation_74b86e58f46341438c97e3d3df53bfe2.png
2026-06-20 18:07:46,Text to Image,cat,1,generation_b23ec8a8acb7459db573c6d2b329212d.png
2026-06-20 18:14:26,Text to Image,Cricket stadium ,1,generation_4f04aa87cc8349b7afe4e386790480ba.png
2026-06-20 18:23:34,Sketch to Image,"A highly detailed charcoal drawing of a futuristic engine, steam and smoke",1,generation_8b9dbc6d957549b682e630e6eae17823.png
2026-06-20 18:32:03,Sketch to Image,"A highly detailed charcoal drawing of a futuristic engine, steam and smoke",1,generation_dd7bf67c2a1943d285537f703f4373c9.png
2026-06-20 18:38:12,Text to Image,"A highly detailed charcoal drawing of a futuristic engine, steam and smoke",1,generation_5801984bc1444ac3abc2ccc72e8dbbae.png
2026-06-20 18:47:58,Sketch to Image,"A highly detailed charcoal drawing of a futuristic engine, steam and smoke",1,generation_750452feca1f49729c4435312452cf0b.png
2026-06-20 18:54:47,Text to Image,dog,1,generation_cb337aece2a84c99a1ebee6ac647ce13.png
